{
  "context_dicts": {
    "0": {
      "arrival_rates": [
        3.4527854623508016,
        2.3214284662522866,
        1.8364512299539704,
        0.9818493639463147
      ],
      "env_params": {
        "name": "SingleHop2",
        "env_type": "SH",
        "nodes": [
          1,
          2,
          3,
          4,
          0
        ],
        "arrival_distribution": "poisson",
        "service_distribution": "poisson",
        "X_params": {
          "1": {
            "source": 1,
            "destination": 0,
            "arrival_rate": 3.4527854623508016
          },
          "2": {
            "source": 2,
            "destination": 0,
            "arrival_rate": 2.3214284662522866
          },
          "3": {
            "source": 3,
            "destination": 0,
            "arrival_rate": 1.8364512299539704
          },
          "4": {
            "source": 4,
            "destination": 0,
            "arrival_rate": 0.9818493639463147
          }
        },
        "Y_params": {
          "1": {
            "source": 1,
            "destination": 0,
            "service_rate": 8
          },
          "2": {
            "source": 2,
            "destination": 0,
            "service_rate": 12
          },
          "3": {
            "source": 3,
            "destination": 0,
            "service_rate": 6
          },
          "4": {
            "source": 4,
            "destination": 0,
            "service_rate": 4
          }
        }
      },
      "lta": 54.80647583025257,
      "lta_stdev": 2.0909180141602546,
      "admissible": true,
      "network_load": 1.1765881009604477
    },
    "1": {
      "arrival_rates": [
        2.679466317247112,
        1.2904074102435867,
        2.767290905908752,
        1.018516489942436
      ],
      "env_params": {
        "name": "SingleHop2",
        "env_type": "SH",
        "nodes": [
          1,
          2,
          3,
          4,
          0
        ],
        "arrival_distribution": "poisson",
        "service_distribution": "poisson",
        "X_params": {
          "1": {
            "source": 1,
            "destination": 0,
            "arrival_rate": 2.679466317247112
          },
          "2": {
            "source": 2,
            "destination": 0,
            "arrival_rate": 1.2904074102435867
          },
          "3": {
            "source": 3,
            "destination": 0,
            "arrival_rate": 2.767290905908752
          },
          "4": {
            "source": 4,
            "destination": 0,
            "arrival_rate": 1.018516489942436
          }
        },
        "Y_params": {
          "1": {
            "source": 1,
            "destination": 0,
            "service_rate": 8
          },
          "2": {
            "source": 2,
            "destination": 0,
            "service_rate": 12
          },
          "3": {
            "source": 3,
            "destination": 0,
            "service_rate": 6
          },
          "4": {
            "source": 4,
            "destination": 0,
            "service_rate": 4
          }
        }
      },
      "lta": 48.11168831043335,
      "lta_stdev": 0.07942294465292733,
      "admissible": true,
      "network_load": 1.158311513979922
    },
    "2": {
      "arrival_rates": [
        0.7788094976136324,
        3.0903320725334713,
        3.0536622439484655,
        1.743084805814042
      ],
      "env_params": {
        "name": "SingleHop2",
        "env_type": "SH",
        "nodes": [
          1,
          2,
          3,
          4,
          0
        ],
        "arrival_distribution": "poisson",
        "service_distribution": "poisson",
        "X_params": {
          "1": {
            "source": 1,
            "destination": 0,
            "arrival_rate": 0.7788094976136324
          },
          "2": {
            "source": 2,
            "destination": 0,
            "arrival_rate": 3.0903320725334713
          },
          "3": {
            "source": 3,
            "destination": 0,
            "arrival_rate": 3.0536622439484655
          },
          "4": {
            "source": 4,
            "destination": 0,
            "arrival_rate": 1.743084805814042
          }
        },
        "Y_params": {
          "1": {
            "source": 1,
            "destination": 0,
            "service_rate": 8
          },
          "2": {
            "source": 2,
            "destination": 0,
            "service_rate": 12
          },
          "3": {
            "source": 3,
            "destination": 0,
            "service_rate": 6
          },
          "4": {
            "source": 4,
            "destination": 0,
            "service_rate": 4
          }
        }
      },
      "lta": 126.9209796756633,
      "lta_stdev": 3.6210782707929248,
      "admissible": true,
      "network_load": 1.2995937686910815
    },
    "3": {
      "arrival_rates": [
        2.263580119110006,
        4.230570920079149,
        1.3938340363552038,
        0.654914256279699
      ],
      "env_params": {
        "name": "SingleHop2",
        "env_type": "SH",
        "nodes": [
          1,
          2,
          3,
          4,
          0
        ],
        "arrival_distribution": "poisson",
        "service_distribution": "poisson",
        "X_params": {
          "1": {
            "source": 1,
            "destination": 0,
            "arrival_rate": 2.263580119110006
          },
          "2": {
            "source": 2,
            "destination": 0,
            "arrival_rate": 4.230570920079149
          },
          "3": {
            "source": 3,
            "destination": 0,
            "arrival_rate": 1.3938340363552038
          },
          "4": {
            "source": 4,
            "destination": 0,
            "arrival_rate": 0.654914256279699
          }
        },
        "Y_params": {
          "1": {
            "source": 1,
            "destination": 0,
            "service_rate": 8
          },
          "2": {
            "source": 2,
            "destination": 0,
            "service_rate": 12
          },
          "3": {
            "source": 3,
            "destination": 0,
            "service_rate": 6
          },
          "4": {
            "source": 4,
            "destination": 0,
            "service_rate": 4
          }
        }
      },
      "lta": 39.62675890069222,
      "lta_stdev": 0.7248881476551507,
      "admissible": true,
      "network_load": 1.0315293283578053
    },
    "4": {
      "arrival_rates": [
        1.0368690757833119,
        3.901634899538913,
        3.176479931050561,
        1.1502585373648515
      ],
      "env_params": {
        "name": "SingleHop2",
        "env_type": "SH",
        "nodes": [
          1,
          2,
          3,
          4,
          0
        ],
        "arrival_distribution": "poisson",
        "service_distribution": "poisson",
        "X_params": {
          "1": {
            "source": 1,
            "destination": 0,
            "arrival_rate": 1.0368690757833119
          },
          "2": {
            "source": 2,
            "destination": 0,
            "arrival_rate": 3.901634899538913
          },
          "3": {
            "source": 3,
            "destination": 0,
            "arrival_rate": 3.176479931050561
          },
          "4": {
            "source": 4,
            "destination": 0,
            "arrival_rate": 1.1502585373648515
          }
        },
        "Y_params": {
          "1": {
            "source": 1,
            "destination": 0,
            "service_rate": 8
          },
          "2": {
            "source": 2,
            "destination": 0,
            "service_rate": 12
          },
          "3": {
            "source": 3,
            "destination": 0,
            "service_rate": 6
          },
          "4": {
            "source": 4,
            "destination": 0,
            "service_rate": 4
          }
        }
      },
      "lta": 109.27541897119188,